certificate_id,postcode,paon,street,floor_area_sqm,epc_rating,build_year,lodgement_date
9130-2047-5020-2109-8265,UB3 1AH,18,ROSTREVOR GARDENS,88.0,,,
7737-2924-1200-0723-5292,UB3 2QJ,43,CRANMER ROAD,79.0,,,
5800-3359-0222-0205-3373,UB3 2LN,102,CHURCH ROAD,82.0,,,
2638-5024-7209-3183-3990,UB3 5LT,27,WEST END LANE,72.0,,,
7617-7326-8120-0560-4226,UB3 5EH,23,SIPSON LANE,89.0,,,
8871-7827-2140-3982-7902,UB3 1JU,52,PRINCES PARK LANE,80.0,,,
0259-3027-1206-0167-3200,UB3 2LW,142,CHURCH ROAD,93.0,,,
0450-2808-7676-9503-8771,UB3 3ES,58A,COLDHARBOUR LANE,91.0,,,
0380-2667-7170-2002-0465,UB3 4LE,114,CRANFORD DRIVE,89.0,,,
2116-1412-1523-0161-1221,UB3 3AW,28,HUGHES ROAD,88.0,,,
9156-2853-7894-9093-9855,UB3 4QP,11,GORDON CRESCENT,92.0,,,
0340-2956-2280-2497-8925,UB3 2NG,13,LANNOCK ROAD,70.0,,,
0743-2817-7092-9796-7651,UB3 5ED,11,MANSE CLOSE,55.0,,,
9219-0126-4000-0440-2296,UB3 4EX,69,WOOLACOMBE WAY,78.0,,,
2912-4326-8120-0897-4222,UB3 2QU,21,WAYLANDS,73.0,,,
8654-6429-9380-5200-3976,UB3 3JN,9,MINET DRIVE,208.0,,,
2715-1014-7224-6567-1200,UB3 3PD,129,BIRCHWAY,84.0,,,
0300-2806-3290-2627-0341,UB3 4HD,142,CLEAVE AVENUE,71.0,,,
0320-2574-0250-2407-5631,UB3 2QJ,27,CRANMER ROAD,96.0,,,
0390-2596-0250-2797-8651,UB3 1PJ,67,PINKWELL LANE,93.0,,,
9120-2346-4090-2120-7275,UB3 1QA,9,GLAMIS CRESCENT,87.0,,,
8735-7824-3400-0102-7222,UB3 2BQ,29,EVERGREEN WAY,77.0,,,
0300-2866-1280-2497-0941,UB3 2QB,23,TUDOR ROAD,63.0,,,
0855-2852-6466-9691-8585,UB3 5NL,12,RAYWOOD CLOSE,49.0,,,
0310-2246-1260-2407-7775,UB3 5AE,28,DAVID CLOSE,28.0,,,
9360-2392-4390-2427-3211,UB3 2RG,9,ROSEDALE AVENUE,57.0,,,
3317-2129-9120-0449-4222,UB3 3PZ,97,AVONDALE DRIVE,78.0,,,
0537-2621-7300-0038-0222,UB3 1NG,26,PINKWELL AVENUE,104.0,,,
9508-2865-7026-9594-4525,UB3 2TT,23,KINGSWAY,74.0,,,
0300-2601-1270-2907-7461,UB3 2TW,45,YORK AVENUE,74.0,,,
2110-4540-9070-7196-5201,UB3 1JG,31,CHESTNUT CLOSE,84.0,,,
8950-6922-5440-7966-4226,UB3 1QL,32,BOURNE AVENUE,91.0,,,
8665-6725-4620-3575-9996,UB3 5BQ,89,NEW ROAD,69.0,,,
9425-3933-9202-9397-0204,UB3 2BE,91,BOTWELL CRESCENT,49.0,,,
9380-2518-8320-2107-0365,UB3 5LU,63,WEST END LANE,74.0,,,
9362-3010-6303-2655-0200,UB3 1EE,11,MASONRY PLACE,108.0,,,
7090-5436-0232-5104-3053,UB3 1EE,13,MASONRY PLACE,100.0,,,
0736-3910-4300-6825-4200,UB3 1EE,17,MASONRY PLACE,95.0,,,
2090-8032-0222-6227-3973,UB3 1DB,87,BLYTH ROAD,111.0,,,
9239-1014-8226-2527-2204,UB3 1QE,3,DENBIGH DRIVE,83.0,,,
9370-2524-2300-2907-7065,UB3 1TE,128,WALTHAM AVENUE,126.0,,,
2717-2124-6120-0991-4296,UB3 5LR,11,CHEVIOT CLOSE,85.0,,,
9418-9082-6258-6987-9964,UB3 4QL,41,BLACK ROD CLOSE,72.0,,,
4835-5525-1500-0700-1226,UB3 2SR,17,LEVEN WAY,99.0,,,
3800-7358-0322-3207-3373,UB3 4LG,166,CRANFORD DRIVE,88.0,,,
0300-2958-1390-2994-7385,UB3 4LW,14,FULLER WAY,73.0,,,
2528-3034-9209-4764-0200,UB3 1TD,72,WALTHAM AVENUE,74.0,,,
8137-3921-7200-0074-9202,UB3 4HA,37,CLEAVE AVENUE,60.0,,,
7337-8523-0200-0956-8292,UB3 2QR,2,STUART CRESCENT,84.0,,,
9350-2248-8200-2392-7115,UB3 5LZ,26,GILPIN WAY,67.0,,,
7234-4922-3300-0906-4296,UB3 5AF,29,CAROLINE PLACE,40.0,,,
0120-2376-4132-2207-7485,UB3 3JD,2,HUNTERS GROVE,87.0,,,
9411-1014-1221-9377-1200,UB3 1QS,147,BOURNE AVENUE,73.0,,,
9300-2736-5420-2194-1555,UB3 5JF,16,FORGE CLOSE,43.0,,,
8998-6221-5560-6041-0996,UB3 4BN,4,COPTHORNE MEWS,30.0,,,
9837-0922-8309-0883-2206,UB3 3BU,2,CHALFONT ROAD,90.0,,,
0450-3033-8209-0144-5204,UB3 2AX,62,MORAY AVENUE,90.0,,,
4837-6521-0300-0075-0226,UB3 1TA,6,WALTHAM AVENUE,87.0,,,
0139-2834-7124-9525-9561,UB3 2HZ,25,EASTHOLME,130.0,,,
0748-3930-7200-2717-8200,UB3 5AF,33,CAROLINE PLACE,40.0,,,
5834-3329-1300-0639-4272,UB3 1JN,3,BEECHWOOD AVENUE,68.0,,,
8437-1428-3200-0566-9292,UB3 5BH,48,BOLTONS LANE,46.0,,,
2846-3029-1208-9757-6204,UB3 2SG,93,WOOD END GREEN ROAD,55.0,,,
9812-3034-3209-3524-0204,UB3 4EX,80,WOOLACOMBE WAY,76.0,,,
8737-2229-2309-0955-2292,UB3 4NJ,19,NORTH HYDE ROAD,137.0,,,
3637-9220-0309-0306-1292,UB3 1EB,14,DAWLEY PARADE,70.0,,,
9310-2064-6300-2527-5111,UB3 1PL,14,SKIPTON DRIVE,87.0,,,
2917-2225-8120-0382-4226,UB3 2AT,37,FORRIS AVENUE,68.0,,,
8307-5714-6722-1327-3503,UB3 2SU,42,ROSSLYN CLOSE,68.0,,,
0590-7547-0422-0501-3053,UB3 4AX,24,REDMEAD ROAD,137.0,,,
9812-3033-2209-2694-9204,UB3 5BW,6,HARLINGTON CLOSE,71.0,,,
4334-6729-3300-0752-3292,UB3 2RQ,11,DAWSON CLOSE,77.0,,,
6190-3307-0622-3327-3273,UB3 4JR,82,CROWLAND AVENUE,69.0,,,
8205-2196-9922-1497-9203,UB3 5HR,29,ETON ROAD,132.0,,,
0553-2816-7242-9423-0351,UB3 3JZ,11,HERMON GROVE,91.0,,,
8737-1129-6309-0154-2292,UB3 1QY,6,WINDSOR GARDENS,94.0,,,
0342-2848-7148-9326-7405,UB3 2QX,12,ANGEL LANE,65.0,,,
7334-9433-5300-0141-4222,UB3 3JD,17,HUNTERS GROVE,80.0,,,
8825-7321-3510-2915-3926,UB3 3PS,36,CLIVESDALE DRIVE,36.0,,,
2200-9181-0422-4095-1723,UB3 1LQ,2,BADGERS CLOSE,39.0,,,
8155-7225-3750-0673-6926,UB3 5AD,110,HIGH STREET,90.0,,,
0318-3033-7204-6831-9900,UB3 3JF,106,HUNTERS GROVE,117.0,,,
5919-3129-3000-0451-2292,UB3 1PF,20,PINKWELL LANE,40.0,,,
8190-5658-0322-2327-3073,UB3 4PA,20,HYDE WAY,78.0,,,
2220-3035-3202-4374-2204,UB3 5HZ,8,WINDSOR PARK ROAD,69.0,,,
9807-3029-1208-5397-2200,UB3 1QR,104,BOURNE AVENUE,45.0,,,
8600-5087-2129-3596-7363,UB3 1JB,60,BOTWELL COMMON ROAD,125.0,,,
0734-9322-5300-0177-5226,UB3 1NR,132,WENTWORTH CRESCENT,101.0,,,
8413-7629-4030-7925-5922,UB3 3PG,157,ABBOTSWOOD WAY,33.0,,,
7237-0725-4100-0810-4226,UB3 4RA,139,ROSEVILLE ROAD,82.0,,,
8537-8328-8200-0955-9292,UB3 2LS,190,CHURCH ROAD,173.0,,,
8741-6722-5680-9625-1996,UB3 5NG,29,BRENDON CLOSE,42.0,,,
2092-3932-3209-3347-4204,UB3 1TE,155,WALTHAM AVENUE,72.0,,,
9320-2572-6390-2807-0125,UB3 2RX,2A,QUEENS ROAD,55.0,,,
8137-6720-2309-0729-1276,UB3 4BN,2,COPTHORNE MEWS,44.0,,,
8290-8386-0622-2397-3973,UB3 2DD,4,REID CLOSE,69.0,,,
0380-3033-0209-8564-4204,UB3 2UB,22,MORGANS LANE,66.0,,,
0758-1202-2202-2941-1204,UB3 2HP,33,EAST AVENUE,154.0,,,
8931-7322-6229-4812-5906,UB3 1NY,4,ELERS ROAD,84.0,,,
2560-3030-3201-5637-5204,UB3 2UJ,19,BARRA WOOD CLOSE,80.0,,,
6734-7722-9300-0871-4202,UB3 1TQ,48,COLBROOK AVENUE,74.0,,,
0330-2187-4310-2197-4021,UB3 1JW,51,BEECHWOOD AVENUE,65.0,,,
0350-2764-9320-2224-3551,UB3 3AP,48,HUGHES ROAD,128.0,,,
4834-4522-9300-0602-4202,UB3 4AQ,24,OAKINGTON AVENUE,75.0,,,
9828-3933-6202-1097-0204,UB3 2NE,5,CEDAR AVENUE,79.0,,,
9310-2114-4390-2297-2205,UB3 5DS,234,HIGH STREET,66.0,,,
2841-3041-8301-0494-9200,UB3 1ND,74,DAWLEY ROAD,103.0,,,
8237-6321-6300-0148-0292,UB3 3AH,44,STIRLING ROAD,143.0,,,
0338-0908-7279-2394-7910,UB3 2PS,76,CROMWELL ROAD,34.0,,,
0658-5052-7202-6921-6990,UB3 3JT,49,HALSWAY,107.0,,,
2377-1002-5206-2742-1204,UB3 2TL,74,HANOVER CIRCLE,73.0,,,
9300-2326-2390-2807-1161,UB3 4AF,14,REPTON AVENUE,65.0,,,
0300-2024-3240-2227-4645,UB3 5HQ,101,SAUNTON AVENUE,59.0,,,
0310-2863-7350-2994-1325,UB3 2SQ,129,WOOD END GREEN ROAD,77.0,,,
0691-1014-3224-5957-2200,UB3 3JT,44,HALSWAY,70.0,,,
4134-1722-6300-0388-4202,UB3 1NL,23,WENTWORTH CRESCENT,82.0,,,
0617-4627-7320-0070-6296,UB3 2LW,140A,CHURCH ROAD,68.0,,,
8698-6524-4830-5650-9096,UB3 2LW,140,CHURCH ROAD,105.0,,,
0350-2281-8390-2505-1211,UB3 4HB,101,CLEAVE AVENUE,64.0,,,
9181-3030-8201-4277-2204,UB3 4NY,3,FAIREY AVENUE,56.0,,,
4600-5758-0122-0305-3443,UB3 4LW,4,FULLER WAY,87.0,,,
9698-1923-7210-4976-8924,UB3 5HT,79,ETON ROAD,71.0,,,
0734-6029-0300-0968-4292,UB3 3PF,81,ABBOTSWOOD WAY,44.0,,,
0228-0209-6204-9007-1214,UB3 2GE,14,GREENFIELD PLACE,134.0,,,
9538-1910-7220-4576-9914,UB3 2JZ,2,BUTCHERS MEWS,43.0,,,
7337-1528-7200-0115-9292,UB3 2AY,20,COMPTON ROAD,87.0,,,
0734-7922-1300-0826-4296,UB3 1LA,4,PRINCES PARK PARADE,70.0,,,
2539-5323-1000-0402-8222,UB3 4AG,14,RUTLAND ROAD,117.0,,,
8218-7920-6599-2028-4992,UB3 2NG,11,LANNOCK ROAD,128.0,,,
2621-1165-3961-1020-4075,UB3 5NE,1,CROFT CLOSE,83.0,,,
1400-5526-0222-3308-3243,UB3 2QH,19,CRANMER ROAD,70.0,,,
7737-0820-3309-0675-0206,UB3 3EQ,185,COLDHARBOUR LANE,101.0,,,
0110-2745-9010-2102-6271,UB3 2LG,227,CHURCH ROAD,53.0,,,
0120-2822-7256-9228-8025,UB3 2SG,83A,WOOD END GREEN ROAD,48.0,,,
9350-2977-8300-2327-0131,UB3 4RD,42,CARFAX ROAD,58.0,,,
1111-9114-1002-0409-2002,UB3 2BW,51,CENTRAL AVENUE,177.0,,,
2610-1902-2200-2840-1200,UB3 1NE,102,DAWLEY ROAD,105.0,,,
0360-2590-9240-2874-3521,UB3 3PQ,116,ABBOTSWOOD WAY,51.0,,,
0350-2644-2210-2907-3951,UB3 5NB,102,THE CRESCENT,58.0,,,
4834-3527-5300-0232-5202,UB3 4JH,40,MONMOUTH ROAD,77.0,,,
0390-2974-4350-2324-5855,UB3 3PQ,90,ABBOTSWOOD WAY,26.0,,,
8195-6422-9909-4724-7906,UB3 1JJ,17,LIME GROVE,86.0,,,
0330-2946-2320-2724-1655,UB3 1EB,22,DAWLEY PARADE,85.0,,,
2822-3033-5309-3394-9200,UB3 2PB,123,JUDGE HEATH LANE,127.0,,,
0350-2756-8360-2424-4981,UB3 2BZ,88,CENTRAL AVENUE,151.0,,,
1834-7929-4300-0701-3292,UB3 4JH,33,MONMOUTH ROAD,93.0,,,
2120-6245-7040-4108-6291,UB3 3JD,7,HUNTERS GROVE,88.0,,,
3337-0520-4309-0309-0296,UB3 2DD,34,REID CLOSE,56.0,,,
0842-3035-5207-5664-5204,UB3 1QN,50,BOURNE AVENUE,69.0,,,
9513-3933-1202-7307-3200,UB3 2UX,92,WILLENHALL DRIVE,37.0,,,
0320-2918-1320-2704-8455,UB3 1QT,160,BOURNE AVENUE,81.0,,,
2725-3033-6309-3794-9200,UB3 2PB,125,JUDGE HEATH LANE,127.0,,,
7600-2865-0322-4307-3443,UB3 3PB,65,BIRCHWAY,72.0,,,
2878-8048-6286-8315-1940,UB3 3PS,14,CLIVESDALE DRIVE,60.0,,,
8684-7328-2250-6687-6906,UB3 4AJ,6,WAVERLEY CLOSE,75.0,,,
5000-7065-0322-1495-3343,UB3 2PS,93,CROMWELL ROAD,87.0,,,
9330-2820-3390-2427-4281,UB3 2NT,3,SYCAMORE AVENUE,88.0,,,
9028-3036-6204-2164-9204,UB3 2AZ,76,COMPTON ROAD,68.0,,,
0531-2886-7183-9105-8955,UB3 2NJ,83,FREEMANS LANE,90.0,,,
4034-7024-2300-0456-7296,UB3 1TG,18,COLBROOK AVENUE,106.0,,,
6535-4921-1200-0135-7222,UB3 5HA,36,CRANFORD LANE,119.0,,,
0588-3989-7270-2684-6914,UB3 4EZ,16,CLEAVE AVENUE,75.0,,,
1534-5236-8300-0758-8292,UB3 4AZ,11,MILLINGTON ROAD,37.0,,,
8919-4124-3000-0425-2292,UB3 4QX,1A,ROSEVILLE ROAD,138.0,,,
2016-1190-1135-6989-2616,UB3 3PY,25,GADE CLOSE,43.0,,,
0350-2454-6320-2994-1481,UB3 5HD,368,CRANFORD LANE,91.0,,,
6400-3003-0222-2327-3943,UB3 4LW,2,FULLER WAY,88.0,,,
0369-3034-6202-2714-6204,UB3 4JE,297,STATION ROAD,94.0,,,
0370-2625-2370-2094-6601,UB3 4AQ,11,OAKINGTON AVENUE,70.0,,,
2257-3049-1204-4265-5200,UB3 5HF,20,SHORTLANDS,121.0,,,
3335-2229-8300-0803-3292,UB3 2LS,178,CHURCH ROAD,210.0,,,
2785-3038-1205-0724-4200,UB3 3PD,101,BIRCHWAY,74.0,,,
0170-2103-5112-2292-4441,UB3 4BN,22,COPTHORNE MEWS,31.0,,,
0310-2833-2480-2704-8021,UB3 3JA,24,FAIRDALE GARDENS,93.0,,,
7912-1123-3000-0493-2222,UB3 4QA,10,NESTLES AVENUE,51.0,,,
0380-2438-1390-2994-5325,UB3 3PY,56,GADE CLOSE,41.0,,,
2110-4946-7040-2108-2221,UB3 1QT,165,BOURNE AVENUE,73.0,,,
2034-6525-3300-0780-8272,UB3 3PX,7,CLIVESDALE DRIVE,18.0,,,
2821-2815-7021-5544-9711,UB3 3FA,19,GLENISTER GARDENS,86.0,,,
0035-1202-5004-2440-1700,UB3 3AR,2,HAMILTON ROAD,86.0,,,
9000-3599-0722-2406-3843,UB3 1SD,69,ST ANSELMS ROAD,79.0,,,
0370-2354-7480-2994-3081,UB3 1JW,38,BEECHWOOD AVENUE,94.0,,,
2167-3036-7207-4714-5204,UB3 4JE,275,STATION ROAD,77.0,,,
4334-1939-3300-0952-3222,UB3 2PB,121,JUDGE HEATH LANE,127.0,,,
9677-3037-5205-4744-9200,UB3 2JE,12,NORTH AVENUE,88.0,,,
8434-9223-5400-0687-0226,UB3 4QY,59,ROSEVILLE ROAD,86.0,,,
0370-2854-8320-2994-8401,UB3 5JD,39,WINDSOR PARK ROAD,38.0,,,
8984-6123-6990-3824-4926,UB3 3JD,19,HUNTERS GROVE,83.0,,,
0370-2319-8360-2994-1831,UB3 4PH,33,WYRE GROVE,77.0,,,
6439-0423-9000-0721-8226,UB3 1PD,1E,PINKWELL LANE,55.0,,,
0457-3036-7204-8014-7200,UB3 1TB,57,WALTHAM AVENUE,79.0,,,
0320-2170-0320-2794-7441,UB3 2NF,9,FULWOOD CLOSE,75.0,,,
0368-3942-5200-0854-6204,UB3 2EE,30,GLEBE ROAD,170.0,,,
2877-3035-2202-4124-2200,UB3 1TW,47,MILDRED AVENUE,112.0,,,
0330-2221-1390-2094-8415,UB3 2TJ,56,HANOVER CIRCLE,119.0,,,
7492-3029-2208-3637-8200,UB3 4QG,188,NESTLES AVENUE,119.0,,,
4634-0525-9300-0070-8272,UB3 1QA,13,GLAMIS CRESCENT,86.0,,,
4500-6655-0422-0303-3743,UB3 5BH,106,BOLTONS LANE,46.0,,,
8100-5889-0422-4621-3463,UB3 4JB,211,STATION ROAD,119.0,,,
2432-7029-0209-0525-2292,UB3 1RD,29,CLEVEDON GARDENS,55.0,,,
9135-7929-0400-0446-5292,UB3 2BQ,53,EVERGREEN WAY,73.0,,,
0360-2871-1480-2924-2051,UB3 1QY,5,WINDSOR GARDENS,73.0,,,
0043-1202-3905-2943-1400,UB3 2BH,111,EVERGREEN WAY,53.0,,,
8649-6923-8640-6895-7926,UB3 1SF,26A,NIELD ROAD,73.0,,,
0340-2998-1360-2424-1985,UB3 4QX,8,ROSEVILLE ROAD,84.0,,,
0568-8071-7235-3055-8920,UB3 5HQ,107,SAUNTON AVENUE,52.0,,,
0320-2423-2230-2927-2841,UB3 1JP,58,BEECHWOOD AVENUE,143.0,,,
0370-2436-8340-2424-8741,UB3 1JG,45,CHESTNUT CLOSE,100.0,,,
0350-2557-1330-2604-6931,UB3 2AX,63,MORAY AVENUE,85.0,,,
2524-3049-4204-1445-5204,UB3 1LW,32,SHEPISTON LANE,102.0,,,
3134-3727-0300-0861-5206,UB3 1RJ,12,SNOWDON CRESCENT,91.0,,,
9138-7042-7217-6190-7210,UB3 2UT,8,WILLENHALL DRIVE,62.0,,,
7634-1524-7300-0859-6202,UB3 1LU,37,DAWLEY ROAD,125.0,,,
3634-0129-1300-0564-4226,UB3 1TL,4,MILDRED AVENUE,103.0,,,
0180-2978-0192-2327-9485,UB3 2QG,104,TUDOR ROAD,77.0,,,
0125-2856-7978-9028-7421,UB3 2PJ,29,ST JEROMES GROVE,76.0,,,
1400-1946-0622-1399-3243,UB3 3AH,38,STIRLING ROAD,93.0,,,
2021-6634-9020-2000-0921,UB3 2FJ,113,VARCOE GARDENS,135.0,,,
8400-4255-2122-3190-1123,UB3 2PS,95,CROMWELL ROAD,146.0,,,
8358-7127-5780-8793-5926,UB3 1NJ,4,WOODHOUSE CLOSE,56.0,,,
7315-9104-2002-0493-2006,UB3 3BT,20,LITTLE ROAD,81.0,,,
9659-2800-6302-9498-4801,UB3 1TH,12,COLBROOK CLOSE,80.0,,,
8401-2639-8929-3996-2383,UB3 1QL,23,BOURNE AVENUE,80.0,,,
6837-5125-1200-0678-9202,UB3 2JG,9,HEMMEN LANE,59.0,,,
5634-5125-0300-0583-8296,UB3 4PQ,24,WYRE GROVE,89.0,,,
2110-4541-7020-5105-1225,UB3 2BE,89,BOTWELL CRESCENT,48.0,,,
0110-2648-9010-2109-9291,UB3 5LR,9,CHEVIOT CLOSE,81.0,,,
8775-7125-3550-0658-1992,UB3 1BY,39,BLYTH ROAD,59.0,,,
4337-6529-8309-0437-2222,UB3 1NG,21,PINKWELL AVENUE,66.0,,,
4919-3120-3009-0463-2202,UB3 1NQ,31,PINKWELL AVENUE,80.0,,,
0300-2124-2370-2094-0625,UB3 5HF,36,SHORTLANDS,84.0,,,
0320-2123-7270-2024-0061,UB3 1DB,85,BLYTH ROAD,83.0,,,
9727-3038-0206-8044-9204,UB3 4NL,29,NORTH HYDE ROAD,59.0,,,
0300-2932-1340-2994-1661,UB3 1TG,6,COLBROOK AVENUE,102.0,,,
8566-6823-9870-9842-9926,UB3 2FJ,121,VARCOE GARDENS,151.0,,,
0800-5229-0822-2329-3543,UB3 2DD,8,REID CLOSE,83.0,,,
5390-8898-0122-8492-3943,UB3 2UX,91,WILLENHALL DRIVE,27.0,,,
0192-3039-5203-1164-5200,UB3 1QE,12,DENBIGH DRIVE,87.0,,,
9360-2825-9590-2305-0641,UB3 5AL,84,BATH ROAD,129.0,,,
8280-7626-7130-2025-9222,UB3 2QJ,47,CRANMER ROAD,90.0,,,
2735-3037-7204-5844-4200,UB3 2SU,46,ROSSLYN CLOSE,50.0,,,
8100-5372-0222-8495-3843,UB3 5DY,17,BRICKFIELD LANE,85.0,,,
8234-9328-8400-0467-0292,UB3 5DY,16,BRICKFIELD LANE,85.0,,,
4034-1323-9400-0425-0226,UB3 5DY,14,BRICKFIELD LANE,88.0,,,
0458-6073-7275-0587-0910,UB3 2NN,21,LYCH GATE WALK,93.0,,,
9542-3041-0201-6834-9200,UB3 3PB,52,BIRCHWAY,116.0,,,
2248-6087-7232-6721-9934,UB3 2PR,39,CROMWELL ROAD,70.0,,,
8909-9694-7329-9426-4713,UB3 2BY,44,CENTRAL AVENUE,89.0,,,
2540-3041-1201-0174-9204,UB3 1JD,104,BOTWELL COMMON ROAD,104.0,,,
0360-2177-0350-2324-6851,UB3 5LW,86,PENNINE WAY,88.0,,,
2378-3041-2208-6714-3200,UB3 4RB,19,CARFAX ROAD,138.0,,,
2353-3039-4206-9014-4204,UB3 2RE,1,SOUTH WALK,76.0,,,
0330-2975-6340-2224-7545,UB3 5DQ,329,HIGH STREET,119.0,,,
2552-3028-2203-1137-8200,UB3 2RD,5,MIDDLETON ROAD,80.0,,,
1919-4123-2000-0411-2292,UB3 3PY,17,GADE CLOSE,56.0,,,
8765-6626-6960-5454-8996,UB3 1JG,55,CHESTNUT CLOSE,84.0,,,
2130-1742-7050-1191-9291,UB3 2QA,7,TUDOR ROAD,108.0,,,
9390-2067-5400-2504-5255,UB3 1RB,40,BURNHAM GARDENS,59.0,,,
0300-2053-1350-2194-8875,UB3 1PJ,59,PINKWELL LANE,81.0,,,
0154-3034-5202-9344-5200,UB3 2NS,47,BARRA HALL ROAD,85.0,,,
2053-3042-7203-1725-1200,UB3 5LR,15,CHEVIOT CLOSE,78.0,,,
2130-4845-3040-5100-2225,UB3 1JT,18,PRINCES PARK LANE,77.0,,,
8199-5116-5729-0107-8013,UB3 1SB,10,ST ANSELMS ROAD,116.0,,,
9571-3020-4201-0782-3200,UB3 3BT,2,LITTLE ROAD,168.0,,,
9741-3020-5201-8292-3204,UB3 2TG,89,BISHOPS ROAD,157.0,,,
9537-3040-7203-6224-1204,UB3 2BY,36,CENTRAL AVENUE,91.0,,,
0121-3035-2207-7324-5200,UB3 2EA,13,GLEBE ROAD,106.0,,,
9615-3036-5204-5584-9200,UB3 1QB,36,GLAMIS CRESCENT,154.0,,,
0353-2857-7494-9928-0835,UB3 5AF,16,CAROLINE PLACE,42.0,,,
5534-3426-1300-0968-9222,UB3 5EQ,60,MANOR LANE,80.0,,,
9320-3039-4203-1364-9200,UB3 2QD,46,TUDOR ROAD,99.0,,,
2110-3648-7040-4106-9205,UB3 2AF,112,BOTWELL LANE,65.0,,,
7908-2001-7207-4836-6994,UB3 2TR,139,YORK AVENUE,85.0,,,
3600-5780-0722-4308-3443,UB3 2FY,3,MONARCH DRIVE,125.0,,,
8903-6323-6190-9351-0922,UB3 1QY,18,WINDSOR GARDENS,52.0,,,
8809-1486-0229-1527-5913,UB3 3LJ,32,MOUNT ROAD,109.0,,,
5100-5892-0322-7491-3143,UB3 5BQ,53,NEW ROAD,77.0,,,
0798-8911-7289-5543-8990,UB3 2NL,2,BELL HOUSE COTTAGES,58.0,,,
4819-1124-2000-0460-2296,UB3 2PP,20,CROMWELL ROAD,101.0,,,
6337-5229-3309-0725-2292,UB3 2FE,10,DIVINE WAY,112.0,,,
2722-1225-7161-2141-7477,UB3 1NP,113,WENTWORTH CRESCENT,82.0,,,
0320-2830-4340-2894-0635,UB3 2TB,30,BISHOPS ROAD,73.0,,,
2130-8043-5040-7105-7201,UB3 4AG,19,RUTLAND ROAD,87.0,,,
6900-6216-0822-1203-3873,UB3 2UU,41,WILLENHALL DRIVE,60.0,,,
8626-7822-0609-4787-4996,UB3 5NB,66,THE CRESCENT,57.0,,,
8105-3383-2329-4397-3253,UB3 3PY,52,GADE CLOSE,50.0,,,
0400-5004-0122-2324-3943,UB3 1JY,71,PRINCES PARK LANE,90.0,,,
0838-2854-7840-9425-0575,UB3 2EA,17,GLEBE ROAD,97.0,,,
2450-3043-9204-0315-6204,UB3 3PJ,37,ABBEY CLOSE,52.0,,,
0390-2663-3320-2324-8575,UB3 5DP,162,HIGH STREET,103.0,,,
7434-5523-1300-0629-9202,UB3 3PX,29,CLIVESDALE DRIVE,42.0,,,
0349-2874-6124-9591-1595,UB3 1SW,37,NINE ACRES CLOSE,109.0,,,
9430-2803-7995-9524-5871,UB3 5HH,23,PENDELL AVENUE,79.0,,,
8807-7325-4090-0066-3292,UB3 2FN,14,HAMBLE DRIVE,103.0,,,
7235-1128-0500-0303-4226,UB3 2AT,36,FORRIS AVENUE,59.0,,,
4530-2329-6009-0171-1206,UB3 2DD,10,REID CLOSE,65.0,,,
6537-6321-0300-0771-0296,UB3 2NN,11,LYCH GATE WALK,80.0,,,
0021-2435-9010-2029-2935,UB3 2FF,38,VARCOE GARDENS,123.0,,,
1134-3223-1400-0817-0222,UB3 5LT,22,WEST END LANE,57.0,,,
2334-2228-8400-0447-1222,UB3 2QD,65,TUDOR ROAD,81.0,,,
2773-3042-8201-5404-2200,UB3 1QZ,33,MARLOW GARDENS,69.0,,,
9068-5078-6261-6784-4920,UB3 5ND,16,FIELD CLOSE,54.0,,,
0360-2702-2330-2604-6921,UB3 2AN,189,BOTWELL LANE,85.0,,,
2878-6108-2151-6117-8128,UB3 2RJ,7,WOOD END,80.0,,,
2095-3931-1200-4877-4204,UB3 3PD,100,BIRCHWAY,73.0,,,
0736-3037-9205-4324-7204,UB3 2QX,20,ANGEL LANE,90.0,,,
6600-6916-0022-8306-3443,UB3 4AN,258,STATION ROAD,96.0,,,
0330-2705-5310-2527-0051,UB3 5NA,44,THE CRESCENT,53.0,,,
9130-2440-8090-2172-9255,UB3 1TD,84,WALTHAM AVENUE,104.0,,,
2276-3038-3205-7064-3200,UB3 5LJ,104,PENNINE WAY,61.0,,,
9334-1128-0400-0949-1226,UB3 1TQ,51,COLBROOK AVENUE,93.0,,,
9632-8725-1100-0186-6226,UB3 5LR,22,CHEVIOT CLOSE,42.0,,,
6200-5698-0422-0496-3343,UB3 4JE,271,STATION ROAD,96.0,,,
9434-5226-8300-0262-9296,UB3 1JW,54,BEECHWOOD AVENUE,74.0,,,
0474-3037-4205-1164-7204,UB3 1LX,79,DAWLEY ROAD,52.0,,,
2260-3040-4203-7384-3204,UB3 5LB,12,HALL LANE,74.0,,,
0774-3041-7201-7724-5200,UB3 4HF,24,SAVOY AVENUE,61.0,,,
9863-3005-9204-8829-6200,UB3 3EA,15A,COLDHARBOUR LANE,59.0,,,
6411-8182-2002-0495-2206,UB3 5HL,18,LANGLEY CRESCENT,100.0,,,
0280-1202-3104-3743-1600,UB3 5HH,15,PENDELL AVENUE,74.0,,,
9456-2849-7201-9493-3611,UB3 4JW,52,CROWLAND AVENUE,83.0,,,
9452-3932-3209-9857-2200,UB3 2UJ,15,BARRA WOOD CLOSE,83.0,,,
0849-2851-7560-9596-2555,UB3 2TB,24,BISHOPS ROAD,87.0,,,
9084-3029-6208-6427-5200,UB3 4NQ,144,NORTH HYDE ROAD,89.0,,,
9380-3042-8201-4374-0204,UB3 1TE,120,WALTHAM AVENUE,90.0,,,
7634-2329-2409-0060-4222,UB3 1RG,25,STORMOUNT DRIVE,70.0,,,
2367-3042-8201-6894-3200,UB3 5HS,63,ETON ROAD,77.0,,,
4307-0926-3220-0686-7296,UB3 2DD,30,REID CLOSE,67.0,,,
0330-2367-0340-2604-8645,UB3 5AH,46,BATH ROAD,250.0,,,
2928-3060-7263-4466-2994,UB3 5HS,59,ETON ROAD,66.0,,,
0252-3908-6302-1164-9200,UB3 4SP,14,RIBAND WALK,67.0,,,
0858-8971-7272-4215-1924,UB3 1NR,151,WENTWORTH CRESCENT,88.0,,,
8501-2975-3329-6797-7133,UB3 1NG,20,PINKWELL AVENUE,107.0,,,
8500-7123-7790-5132-8222,UB3 2ER,2,FIFTH AVENUE,121.0,,,
0350-2673-7480-2704-3031,UB3 5LJ,106,PENNINE WAY,58.0,,,
0300-2998-1480-2704-0001,UB3 4AS,14,BUSHEY ROAD,80.0,,,
8248-7139-5140-7639-5992,UB3 5EG,11,MANOR LANE,89.0,,,
0310-2657-3410-2324-3265,UB3 2TJ,26,HANOVER CIRCLE,74.0,,,
4234-7620-6409-0833-2202,UB3 2HF,87,LONGMEAD ROAD,70.0,,,
8801-8933-4329-9807-7753,UB3 2DP,21,HESA ROAD,93.0,,,
0830-2817-7258-9295-4905,UB3 2QU,6,WAYLANDS,65.0,,,
8403-7023-5630-8329-9926,UB3 3PY,16,GADE CLOSE,51.0,,,
9020-3039-9206-8604-0200,UB3 4PA,2,HYDE WAY,86.0,,,
0287-3942-2200-0014-7204,UB3 2JL,35,RECTORY ROAD,84.0,,,
3837-1929-9309-0244-1206,UB3 2NY,29,JUDGE HEATH LANE,103.0,,,
0354-2816-6264-9701-6261,UB3 2AX,64,MORAY AVENUE,91.0,,,
9646-3945-4202-2784-0200,UB3 4JF,347,STATION ROAD,105.0,,,
8350-7829-6230-1837-0226,UB3 1TG,41,COLBROOK AVENUE,109.0,,,
9748-3039-3206-9654-1204,UB3 2ND,26,ACACIA AVENUE,105.0,,,
9594-3041-4201-8674-8200,UB3 5EG,27A,MANOR LANE,58.0,,,
0300-2581-4010-2220-1051,UB3 3PG,101,ABBOTSWOOD WAY,27.0,,,
9261-3042-0201-2524-1204,UB3 2SF,49,WOOD END GREEN ROAD,103.0,,,
0340-2550-3350-2994-3771,UB3 5LL,16,PENNINE WAY,60.0,,,
2097-3009-3208-9339-1200,UB3 4HE,7,SAVOY AVENUE,139.0,,,
0310-2229-7430-2394-5145,UB3 2EU,9,EIGHTH AVENUE,89.0,,,
9390-2236-1300-2627-0111,UB3 3HF,13A,BROADWAY PARADE,82.0,,,
0791-3942-9200-0294-4204,UB3 5NH,106,BRENDON CLOSE,35.0,,,
0340-2238-6160-2822-4741,UB3 2TT,31,KINGSWAY,72.0,,,
6234-7628-5400-0841-1222,UB3 2AZ,56,COMPTON ROAD,68.0,,,
0320-2828-4410-2194-3221,UB3 1LF,100,JUNIPER WAY,96.0,,,
0117-3124-3002-0493-2602,UB3 5HH,19,PENDELL AVENUE,72.0,,,
9370-2091-6490-2294-3485,UB3 1SF,51,NIELD ROAD,89.0,,,
0144-2850-6858-2170-8425,UB3 5LZ,7,GILPIN WAY,75.0,,,
0488-9027-7246-5123-2950,UB3 2UU,61,WILLENHALL DRIVE,45.0,,,
8228-7122-2980-7599-1992,UB3 4QL,57,BLACK ROD CLOSE,73.0,,,
8695-7826-3050-9636-3996,UB3 2EP,32,TOWNFIELD ROAD,87.0,,,
1034-1221-8400-0538-2296,UB3 2SF,73,WOOD END GREEN ROAD,56.0,,,
2110-4349-7040-3191-2295,UB3 5BH,86,BOLTONS LANE,45.0,,,
9958-7091-7249-4616-8954,UB3 5DJ,443,HIGH STREET,76.0,,,
1534-5629-1409-0933-3206,UB3 1NZ,39,ELERS ROAD,78.0,,,
4100-2659-0122-7401-3143,UB3 1PL,32,SKIPTON DRIVE,92.0,,,
0370-2631-8330-2904-5935,UB3 1LZ,123,DAWLEY ROAD,39.0,,,
2120-4047-1050-2107-0291,UB3 4LA,8,CRANFORD DRIVE,119.0,,,
7835-0524-9400-0041-9292,UB3 1PF,40,PINKWELL LANE,76.0,,,
0794-2849-6098-9808-0441,UB3 2HQ,5,DRENON SQUARE,104.0,,,
0300-2738-3030-2104-2885,UB3 5EX,4,BLETCHMORE CLOSE,134.0,,,
0330-2181-4430-2194-2005,UB3 2FS,43,ALBACORE WAY,121.0,,,
9330-2775-3400-2994-1255,UB3 4BN,14,COPTHORNE MEWS,31.0,,,
2186-3943-4200-7664-3200,UB3 4PD,12,CRANE GARDENS,81.0,,,
2711-0911-2111-0413-4311,UB3 3PY,27,GADE CLOSE,53.0,,,
0136-3944-4202-8374-8200,UB3 5BD,30,NEW ROAD,101.0,,,
7534-5922-3409-0334-4206,UB3 5LU,46,WEST END LANE,63.0,,,
0939-2825-7892-9126-4421,UB3 2ES,4,SIXTH AVENUE,101.0,,,
8695-6923-5920-1216-8992,UB3 2AS,10,FORRIS AVENUE,82.0,,,
9320-2009-3400-2504-5201,UB3 1JR,26,ASH GROVE,107.0,,,
2100-4096-0822-5501-3653,UB3 2BJ,34,EVERGREEN WAY,89.0,,,
8235-4029-4400-0885-6222,UB3 3PB,75,BIRCHWAY,128.0,,,
7034-8021-3400-0073-2296,UB3 3JW,65,MINET DRIVE,70.0,,,
7134-0020-3409-0245-3292,UB3 5LL,30,PENNINE WAY,61.0,,,
0330-2713-6490-2895-8505,UB3 5HL,8,LANGLEY CRESCENT,89.0,,,
0390-2539-0350-2574-6845,UB3 2PL,22,COMMONWEALTH AVENUE,91.0,,,
9527-3041-2201-8624-9204,UB3 2TZ,90,KINGSWAY,91.0,,,
2634-5228-7400-0172-1222,UB3 2HF,81,LONGMEAD ROAD,85.0,,,
8518-7920-6569-9093-2992,UB3 5LR,17,CHEVIOT CLOSE,44.0,,,
4835-9225-8300-0178-7296,UB3 1RD,7,CLEVEDON GARDENS,58.0,,,
0620-3045-8209-1555-3204,UB3 3JU,48,HALSWAY,116.0,,,
0648-7913-6280-8022-1954,UB3 3DX,2,MAXWELL CLOSE,73.0,,,
0330-2303-9290-2627-0331,UB3 3HH,232,COLDHARBOUR LANE,107.0,,,
9585-3045-3209-6345-8204,UB3 4RA,165,ROSEVILLE ROAD,86.0,,,
8963-6325-7990-3292-8902,UB3 2RB,18,MIDDLETON ROAD,58.0,,,
2634-6425-5300-0204-8222,UB3 5ND,1,FIELD CLOSE,140.0,,,
6500-3646-0722-0492-3953,UB3 1NH,80,PINKWELL AVENUE,88.0,,,
0320-2860-7350-2674-1845,UB3 1SW,69,NINE ACRES CLOSE,75.0,,,
7637-3224-3200-0706-6226,UB3 4NZ,44,FAIREY AVENUE,69.0,,,
9895-1002-5209-2147-1204,UB3 3JU,95,HALSWAY,71.0,,,
9334-2921-8400-0057-1296,UB3 2QZ,19,ANGEL LANE,98.0,,,
9868-1978-7210-6608-8990,UB3 2QA,10B,TUDOR ROAD,60.0,,,
9320-2164-4320-2807-6275,UB3 2DD,42,REID CLOSE,74.0,,,
0541-2889-6881-2620-8045,UB3 3JE,46,HUNTERS GROVE,88.0,,,
3034-9126-8300-0055-9296,UB3 5BH,80,BOLTONS LANE,57.0,,,
6134-4720-2409-0023-2202,UB3 1JR,30,ASH GROVE,93.0,,,
9249-3051-1206-7165-7200,UB3 4HA,54,CLEAVE AVENUE,62.0,,,
8220-9112-0482-9003-1493,UB3 2AT,44,FORRIS AVENUE,66.0,,,
4800-1293-0022-1323-3543,UB3 1NG,12,PINKWELL AVENUE,101.0,,,
9510-0129-3009-0467-2226,UB3 5LH,8,MENDIP CLOSE,73.0,,,
9616-3039-4206-6344-2200,UB3 5BH,90,BOLTONS LANE,44.0,,,
5600-4457-0822-7402-3253,UB3 4AQ,26,OAKINGTON AVENUE,80.0,,,
3632-8025-3100-0244-6202,UB3 1ND,64,DAWLEY ROAD,85.0,,,
2758-2035-7223-3775-9950,UB3 4PJ,32,WYRE GROVE,134.0,,,
5334-3329-9409-0300-4222,UB3 1QW,66,BOURNE AVENUE,76.0,,,
0243-3943-4209-4804-6204,UB3 5LA,18,HEATH CLOSE,64.0,,,
9166-2883-6624-9108-7761,UB3 4RB,1,CARFAX ROAD,173.0,,,
1634-6322-7409-0110-5222,UB3 3PD,111,BIRCHWAY,72.0,,,
1537-1422-0309-0272-3226,UB3 1SW,62,NINE ACRES CLOSE,60.0,,,
6134-0123-7400-0373-0296,UB3 1PT,1,CARNARVON DRIVE,142.0,,,
0360-2383-9470-2124-0031,UB3 4EJ,2,CROYDE AVENUE,121.0,,,
0434-1229-6300-0306-4222,UB3 3PU,15,BOURTON CLOSE,46.0,,,
9748-1014-2228-3237-2204,UB3 2BH,81,EVERGREEN WAY,49.0,,,
8468-7720-6669-1001-6902,UB3 2AE,62,BOTWELL LANE,68.0,,,
2120-5642-9040-8199-5205,UB3 3BT,4,LITTLE ROAD,117.0,,,
9118-5134-3002-0402-2292,UB3 1PL,12,SKIPTON DRIVE,83.0,,,
0300-2439-0490-2025-1671,UB3 5LY,159,WEST END LANE,70.0,,,
3600-1075-0022-2428-3953,UB3 2BZ,76,CENTRAL AVENUE,90.0,,,
3735-9522-3400-0941-6202,UB3 2AU,21,MORAY AVENUE,39.0,,,
0350-2033-5420-2995-6601,UB3 5EH,10,SIPSON LANE,86.0,,,
0390-2702-7470-2405-2775,UB3 4JW,34,CROWLAND AVENUE,104.0,,,
2079-3042-3201-3504-2200,UB3 1TN,26,MILDRED AVENUE,92.0,,,
0048-3041-7201-5894-5200,UB3 4QP,12,GORDON CRESCENT,94.0,,,
2778-2084-7289-3915-7900,UB3 2BH,87,EVERGREEN WAY,84.0,,,
7237-6229-3309-0269-2296,UB3 2AJ,218,BOTWELL LANE,106.0,,,
9996-2891-6894-9604-5971,UB3 4QJ,14,BLACK ROD CLOSE,86.0,,,
4534-6421-1400-0078-2226,UB3 1SH,117,NIELD ROAD,86.0,,,
0340-2814-6580-2795-6351,UB3 2NU,13,PARK PARADE,56.0,,,
9909-1202-8404-1544-1104,UB3 4RD,58,CARFAX ROAD,56.0,,,
2838-9944-7249-6171-9904,UB3 5DP,186,HIGH STREET,100.0,,,
9330-2026-9420-2194-1521,UB3 2JL,37,RECTORY ROAD,93.0,,,
2535-3429-2400-0453-5202,UB3 5DW,136,HIGH STREET,93.0,,,
2578-0981-6249-8495-8980,UB3 2PJ,30,ST JEROMES GROVE,73.0,,,
0330-2323-7360-2804-6815,UB3 5NL,11,RAYWOOD CLOSE,31.0,,,
2864-3041-6208-4034-3204,UB3 1NQ,46,PINKWELL AVENUE,122.0,,,
0686-3046-1202-8045-6200,UB3 4NQ,128,NORTH HYDE ROAD,88.0,,,
1234-0424-4300-0931-7222,UB3 4JT,70,CORONATION ROAD,86.0,,,
9868-6046-7244-5578-4930,UB3 1JJ,19,LIME GROVE,71.0,,,
0110-2399-5172-2177-8465,UB3 2BP,103,CENTRAL AVENUE,98.0,,,
0321-3045-0209-3655-3204,UB3 2RT,10,ELMLEA DRIVE,80.0,,,
2348-2925-6330-9609-5934,UB3 2FY,22,MONARCH DRIVE,108.0,,,
8334-7726-4300-0426-8206,UB3 4DS,52B,STATION ROAD,46.0,,,
0519-0121-3000-0466-2292,UB3 5JA,6,MALVERN ROAD,69.0,,,
9370-2174-8420-2094-6551,UB3 1QY,28,WINDSOR GARDENS,70.0,,,
0340-3013-4120-2226-5185,UB3 5LY,100,WEST END LANE,137.0,,,
0130-2848-9020-2122-5235,UB3 2UT,16,WILLENHALL DRIVE,102.0,,,
9216-3047-2202-1735-0200,UB3 2AR,333,BOTWELL LANE,45.0,,,
4612-7123-5120-0826-4222,UB3 1RB,35,BURNHAM GARDENS,57.0,,,
7408-3046-5209-1845-2200,UB3 2QJ,23,CRANMER ROAD,106.0,,,
0524-3045-1209-3755-3204,UB3 1TE,130,WALTHAM AVENUE,90.0,,,
9508-8004-7221-7820-0224,UB3 2QB,19,TUDOR ROAD,81.0,,,
8600-1077-0922-8420-3953,UB3 2RU,22,GRANGE CLOSE,116.0,,,
9370-2170-7420-2224-3515,UB3 2AX,48,MORAY AVENUE,182.0,,,
9330-2833-6400-2394-8381,UB3 4ED,61,BEDWELL GARDENS,54.0,,,
2230-3041-3208-3424-3204,UB3 2TJ,35,HANOVER CIRCLE,70.0,,,
0336-4529-2500-0030-9226,UB3 2EY,4,WEST AVENUE,94.0,,,
9510-5122-1009-0441-2206,UB3 5AL,92,BATH ROAD,99.0,,,
2292-3020-1201-2832-5204,UB3 1RE,32,CLEVEDON GARDENS,91.0,,,
5600-3037-0922-4421-3963,UB3 4NW,63,NORTH HYDE ROAD,96.0,,,
2434-3046-1209-7196-0200,UB3 4NW,61,NORTH HYDE ROAD,95.0,,,
3134-8228-3400-0847-1226,UB3 2QJ,51,CRANMER ROAD,98.0,,,
9433-3049-9204-7105-5200,UB3 2QH,3,CRANMER ROAD,83.0,,,
8036-5124-5400-0270-7292,UB3 1QR,127,BOURNE AVENUE,97.0,,,
0368-3002-7209-6449-9204,UB3 1NJ,12,WOODHOUSE CLOSE,55.0,,,
8128-6026-4750-6898-4092,UB3 3PZ,115,AVONDALE DRIVE,76.0,,,
2120-8542-6050-0106-4201,UB3 5DH,377,HIGH STREET,68.0,,,
8490-4688-0022-0427-3943,UB3 4AN,268,STATION ROAD,86.0,,,
9320-2404-9400-2994-5205,UB3 3JJ,26,EAST WALK,115.0,,,
5800-6487-0722-0423-3753,UB3 3JH,18,WEST WALK,68.0,,,
9016-3039-0206-3564-1204,UB3 2LY,3,CHURCH GREEN,131.0,,,
9600-4325-0922-4321-3743,UB3 1JF,20,CHESTNUT CLOSE,85.0,,,
4220-9181-0464-8007-1753,UB3 1JB,62,BOTWELL COMMON ROAD,92.0,,,
0130-2845-6070-2199-7225,UB3 3AJ,61,STIRLING ROAD,105.0,,,
0345-3016-1207-2805-0200,UB3 5HP,6,CRANESWATER,97.0,,,
0220-9391-0411-0096-1523,UB3 2QQ,15,NORTH ROAD,95.0,,,
0288-1067-7261-3785-8904,UB3 4QB,54,NESTLES AVENUE,50.0,,,
2719-3499-7101-4111-0016,UB3 1QS,151,BOURNE AVENUE,100.0,,,
9370-2754-4400-2994-3285,UB3 5HA,38,CRANFORD LANE,109.0,,,
9350-2882-4490-2605-7831,UB3 2QD,52,TUDOR ROAD,49.0,,,
2241-5421-2274-7151-1628,UB3 5LZ,11,GILPIN WAY,69.0,,,
0380-2406-3480-2704-5011,UB3 2LQ,281,CHURCH ROAD,76.0,,,
0320-2047-5550-2795-4015,UB3 2QU,1,WAYLANDS,66.0,,,
2435-1925-6400-0832-9202,UB3 1QB,56,GLAMIS CRESCENT,74.0,,,
0330-2329-0180-2292-1955,UB3 4QZ,123,ROSEVILLE ROAD,73.0,,,
9702-1902-8202-3649-1204,UB3 2PW,12,VICTORIA CLOSE,99.0,,,
8707-9925-7329-6397-4133,UB3 5BH,118,BOLTONS LANE,45.0,,,
3220-9151-0490-1007-1523,UB3 5BS,57,BOLTONS LANE,45.0,,,
0866-3051-7206-7515-3204,UB3 1NS,14,SEATON ROAD,85.0,,,
1435-7424-3400-0186-9292,UB3 5DZ,4,KILN CLOSE,51.0,,,
0350-2709-6440-2195-1915,UB3 2NF,2,FULWOOD CLOSE,78.0,,,
8551-7924-6720-1387-7992,UB3 2SR,6,LEVEN WAY,62.0,,,
4834-6126-9300-0067-9292,UB3 5LU,56,WEST END LANE,63.0,,,
6919-3121-1000-0417-2222,UB3 3PJ,8,ABBEY CLOSE,36.0,,,
0320-2044-7420-2405-3665,UB3 4AF,23,REPTON AVENUE,55.0,,,
0319-3195-3002-0493-2102,UB3 1PZ,3,PEMBROKE WAY,160.0,,,
0370-2642-6450-2905-0971,UB3 4EY,145,WOOLACOMBE WAY,77.0,,,
8734-0622-8300-0758-4206,UB3 4EB,13,BEDWELL GARDENS,78.0,,,
0773-3945-6202-7144-8204,UB3 4PB,47,HYDE WAY,101.0,,,
8758-7125-6850-2242-3922,UB3 1NT,23,SEATON ROAD,68.0,,,
0380-2387-8470-2225-4825,UB3 3PY,35,GADE CLOSE,44.0,,,
9031-2533-0000-2029-3935,UB3 2FX,29,FREMANTLE WAY,105.0,,,
3000-8278-0922-4598-3553,UB3 1NR,165,WENTWORTH CRESCENT,87.0,,,
0190-2279-4182-2197-1421,UB3 1RP,225,BOURNE AVENUE,54.0,,,
2498-1955-7282-6281-3944,UB3 3EW,12A,COLDHARBOUR LANE,88.0,,,
0788-4002-6296-9703-9990,UB3 3JB,43,FAIRDALE GARDENS,100.0,,,
0370-2017-7530-2405-1281,UB3 1QN,52,BOURNE AVENUE,62.0,,,
9500-5804-0622-8428-3953,UB3 1NR,108,WENTWORTH CRESCENT,94.0,,,
6100-3501-0422-7597-3653,UB3 2DS,9,POPLAR PLACE,78.0,,,
2134-0221-1400-0870-2226,UB3 2PU,141,CROMWELL ROAD,74.0,,,
9370-2573-2390-2397-2275,UB3 4NG,98,NORTH HYDE ROAD,138.0,,,
0390-2232-0440-2805-0851,UB3 3JW,50,MINET DRIVE,72.0,,,
0310-2049-4580-2925-4375,UB3 5BD,16,NEW ROAD,103.0,,,
8213-7520-5299-3424-2992,UB3 4JJ,76,MONMOUTH ROAD,66.0,,,
2436-3059-9202-6376-5204,UB3 2UT,9,WILLENHALL DRIVE,58.0,,,
2130-9645-1050-8100-1201,UB3 3LH,20,MOUNT ROAD,78.0,,,
2863-3901-3200-0700-0204,UB3 2TY,68A,KINGSWAY,73.0,,,
8698-6123-6070-4046-9926,UB3 4QJ,7,BLACK ROD CLOSE,84.0,,,
2180-9716-2136-0110-5538,UB3 4NN,49,NORTH HYDE ROAD,103.0,,,
1700-2384-0422-4426-3253,UB3 1SD,51,ST ANSELMS ROAD,85.0,,,
9177-3945-1202-0594-0200,UB3 1JF,22,CHESTNUT CLOSE,137.0,,,
8018-6820-5399-8849-3972,UB3 1NR,112,WENTWORTH CRESCENT,88.0,,,
0753-2870-6739-2620-4251,UB3 1QZ,15,MARLOW GARDENS,83.0,,,
0350-2294-7490-2025-5635,UB3 2AZ,44,COMPTON ROAD,68.0,,,
8434-8520-1409-0172-2206,UB3 1LD,23,PRINCES PARK AVENUE,146.0,,,
0360-2733-8560-2895-3171,UB3 5LY,163,WEST END LANE,114.0,,,
2110-3949-8050-5101-5291,UB3 1PT,3,CARNARVON DRIVE,99.0,,,
2800-6436-0722-5427-3753,UB3 2AQ,157,BOTWELL LANE,139.0,,,
7706-3912-2202-4019-3204,UB3 2PU,140,CROMWELL ROAD,75.0,,,
8135-6426-1500-0464-1202,UB3 1TW,36,MILDRED AVENUE,73.0,,,
4612-5125-8120-0771-4202,UB3 1QP,92,BOURNE AVENUE,84.0,,,
9229-2831-7706-9221-6881,UB3 2QX,6,ANGEL LANE,58.0,,,
0035-6222-3400-0235-7226,UB3 1QL,8,BOURNE AVENUE,68.0,,,
6519-9176-2002-0407-2202,UB3 1JL,35,LIME GROVE,121.0,,,
0340-2214-7580-2795-2345,UB3 3HG,138,COLDHARBOUR LANE,248.0,,,
0380-2334-3270-2097-0535,UB3 2QZ,35,ANGEL LANE,78.0,,,
0360-2469-7440-2605-7825,UB3 1LB,14,PRINCES PARK CLOSE,77.0,,,
0108-2897-7379-9528-2815,UB3 4NY,7,FAIREY AVENUE,56.0,,,
5200-8998-0322-7527-3353,UB3 1QE,5,DENBIGH DRIVE,88.0,,,
5400-7332-2722-6104-1373,UB3 5LD,26,TASKER CLOSE,27.0,,,
0360-2828-7527-9701-9155,UB3 4HA,69,CLEAVE AVENUE,61.0,,,
9030-3033-7209-5714-9204,UB3 2BE,77,BOTWELL CRESCENT,46.0,,,
8234-7124-1300-0871-7296,UB3 4BD,9A,STATION ROAD,78.0,,,
0034-1202-2609-3342-1700,UB3 4AQ,32,OAKINGTON AVENUE,55.0,,,
8106-6417-6422-9396-4903,UB3 3PQ,100,ABBOTSWOOD WAY,39.0,,,
1000-6746-0422-0527-3553,UB3 4AR,28,CLEMENT GARDENS,77.0,,,
5732-5126-9100-0041-7206,UB3 2FJ,91,VARCOE GARDENS,131.0,,,
2268-4079-7203-1706-2964,UB3 1NL,18,WENTWORTH CRESCENT,75.0,,,
8621-6420-6439-0829-4976,UB3 2TU,73,KINGSWAY,73.0,,,
0360-2624-6550-2395-3031,UB3 2EL,14,TOWNFIELD ROAD,174.0,,,
9557-3054-1201-5375-6200,UB3 4JX,20A,LABURNUM ROAD,53.0,,,
8351-6520-6629-3881-6996,UB3 2QB,37,TUDOR ROAD,64.0,,,
0380-2243-4550-2105-5011,UB3 2NL,9,BELL HOUSE COTTAGES,50.0,,,
0180-2170-6152-2272-7445,UB3 4HP,73,KEITH ROAD,97.0,,,
0370-2562-0560-2595-3131,UB3 5EN,75,HUDSON ROAD,112.0,,,
0349-2854-6950-9898-6471,UB3 2PR,61,CROMWELL ROAD,88.0,,,
3221-9289-0790-2006-0573,UB3 2DD,33,REID CLOSE,66.0,,,
0269-1202-9205-1841-1800,UB3 4HA,53,CLEAVE AVENUE,63.0,,,
9896-3049-1204-9035-3200,UB3 1LX,91,DAWLEY ROAD,47.0,,,
3435-6425-3500-0446-0292,UB3 2NY,23,JUDGE HEATH LANE,88.0,,,
0737-1202-6205-1948-3100,UB3 4DA,20A,STATION ROAD,125.0,,,
5800-8359-0122-2427-3753,UB3 5ND,2,FIELD CLOSE,90.0,,,
0738-5089-7254-5878-2910,UB3 2BN,21,CENTRAL AVENUE,111.0,,,
9718-3933-6299-9826-4950,UB3 3JN,29,MINET DRIVE,102.0,,,
2368-3049-4204-1115-8200,UB3 4EZ,15,CLEAVE AVENUE,126.0,,,
2290-5225-0222-7221-3923,UB3 3PJ,14,ABBEY CLOSE,38.0,,,
0370-2522-8440-2705-5845,UB3 2AY,7,COMPTON ROAD,86.0,,,
6800-8696-0722-2475-3753,UB3 2BE,38,BOTWELL CRESCENT,48.0,,,
0350-2415-1150-2722-1675,UB3 5LD,29,TASKER CLOSE,37.0,,,
0256-1202-6705-3843-1000,UB3 4AN,246,STATION ROAD,144.0,,,
0828-9058-7218-6351-9970,UB3 5EL,10,HUDSON ROAD,67.0,,,
0310-2898-3510-2025-3545,UB3 4NR,111,NORTH HYDE ROAD,74.0,,,
0390-2018-8440-2595-1981,UB3 3PD,98,BIRCHWAY,73.0,,,
6200-6161-0422-7007-1593,UB3 2AN,193,BOTWELL LANE,146.0,,,
7590-3513-0522-6505-3053,UB3 5HR,9,ETON ROAD,58.0,,,
9319-3040-1202-4175-3200,UB3 2JE,21,NORTH AVENUE,74.0,,,
0350-2289-5450-2905-4961,UB3 2SS,54,LEVEN WAY,106.0,,,
2606-3063-1205-2116-3200,UB3 2BB,11,PARK SIDE,44.0,,,
2105-3944-9209-0644-3204,UB3 4EF,28,BEDWELL GARDENS,80.0,,,
0340-2293-6120-2302-4315,UB3 5DS,240,HIGH STREET,72.0,,,
2110-3841-3050-1105-0291,UB3 2NB,16,ACACIA AVENUE,125.0,,,
0320-2456-6360-2704-2841,UB3 3LB,1,HALSEND,96.0,,,
8537-6322-5200-0047-4226,UB3 1JZ,4,PRINCES PARK CIRCLE,92.0,,,
1219-3134-3002-0498-2706,UB3 5LP,63,PENNINE WAY,71.0,,,
6734-5022-1409-0389-5292,UB3 2UJ,18,BARRA WOOD CLOSE,81.0,,,
2715-4109-1339-7915-1121,UB3 2AE,24,BOTWELL LANE,65.0,,,
2119-5071-5316-9281-1810,UB3 5DP,176,HIGH STREET,80.0,,,
5135-3220-1509-0159-5202,UB3 4JS,11,CORONATION ROAD,79.0,,,
5336-8826-9400-0181-3206,UB3 1LU,49,DAWLEY ROAD,115.0,,,
2629-3053-6208-1475-9204,UB3 2AF,90,BOTWELL LANE,62.0,,,
2435-3046-8209-4145-1200,UB3 4AH,56,OAKINGTON AVENUE,123.0,,,
2665-3034-6209-1054-2204,UB3 1SF,30,NIELD ROAD,72.0,,,
0163-2833-7277-9621-6365,UB3 4HA,35,CLEAVE AVENUE,58.0,,,
0416-2876-7754-9228-7045,UB3 2QL,16,LANCASTER WALK,82.0,,,
3800-4436-0722-8425-3753,UB3 4JT,40,CORONATION ROAD,66.0,,,
0498-3085-6226-5375-6930,UB3 4JX,4,LABURNUM ROAD,50.0,,,
4119-2129-3000-0422-2202,UB3 4AH,50,OAKINGTON AVENUE,150.0,,,
9708-3051-8206-4585-4200,UB3 3PD,108,BIRCHWAY,79.0,,,
0350-2694-7510-2925-3441,UB3 4QJ,6,BLACK ROD CLOSE,106.0,,,
2164-3943-2200-0294-3200,UB3 5EW,35,VICTORIA LANE,77.0,,,
0310-2571-2580-2125-4425,UB3 4AG,3,RUTLAND ROAD,90.0,,,
0035-5921-7500-0247-4222,UB3 4RD,39,CARFAX ROAD,96.0,,,
0300-2425-0510-2795-8445,UB3 4AG,6,RUTLAND ROAD,68.0,,,
8318-6820-5489-9879-3972,UB3 1NW,69,WENTWORTH CRESCENT,88.0,,,
8907-8795-8829-2027-3683,UB3 1PH,54,PINKWELL LANE,105.0,,,
9294-3049-8204-1265-0200,UB3 3JU,64,HALSWAY,86.0,,,
8336-8122-1500-0566-9296,UB3 2BE,32,BOTWELL CRESCENT,48.0,,,
9390-2130-1590-2825-8651,UB3 1QS,141,BOURNE AVENUE,71.0,,,
9324-3046-2202-9455-8200,UB3 4PL,45,GRANVILLE ROAD,71.0,,,
1034-2820-2409-0250-2296,UB3 4AH,36,OAKINGTON AVENUE,113.0,,,
9001-1202-3204-3748-1800,UB3 5LP,72,PENNINE WAY,71.0,,,
2272-3052-9205-8495-7204,UB3 1JG,28,CHESTNUT CLOSE,83.0,,,
9310-2258-0500-2795-5505,UB3 2PN,39,COMMONWEALTH AVENUE,74.0,,,
2698-3956-1209-9835-8204,UB3 5NH,105,BRENDON CLOSE,26.0,,,
3817-9126-3000-0493-2226,UB3 5LY,153,WEST END LANE,42.0,,,
0284-3053-4208-8615-6204,UB3 5LZ,15,GILPIN WAY,74.0,,,
6235-8824-8400-0342-8206,UB3 4AH,25,OAKINGTON AVENUE,95.0,,,
8978-6629-6269-3798-5922,UB3 1NJ,5,WOODHOUSE CLOSE,58.0,,,
9360-2282-7500-2205-5511,UB3 2RB,20,MIDDLETON ROAD,56.0,,,
1635-3620-3509-0325-5296,UB3 4QY,67,ROSEVILLE ROAD,88.0,,,
2303-3956-5209-9295-7204,UB3 4QH,6,SANDOW CRESCENT,52.0,,,
8334-9222-9300-0936-5222,UB3 2JF,24,WHEATLEY CRESCENT,74.0,,,
1535-3522-0509-0558-7296,UB3 1RR,275,BOURNE AVENUE,49.0,,,
9300-2307-6320-2105-2841,UB3 3PB,63,BIRCHWAY,69.0,,,
8489-6829-8730-1237-8996,UB3 5HB,122,CRANFORD LANE,88.0,,,
9518-8033-7244-5878-5920,UB3 4HA,47,CLEAVE AVENUE,64.0,,,
0550-2850-6532-2120-3441,UB3 2PN,42,COMMONWEALTH AVENUE,70.0,,,
0100-2557-6112-2302-1455,UB3 4AG,9,RUTLAND ROAD,66.0,,,
2435-3058-9209-4266-4204,UB3 1QY,2A,WINDSOR GARDENS,57.0,,,
0370-2493-2510-2025-3585,UB3 2QG,171,TUDOR ROAD,90.0,,,
9113-1002-7206-3949-1204,UB3 5NA,5,THE CRESCENT,51.0,,,
0735-8221-1500-0249-4206,UB3 2AR,315,BOTWELL LANE,47.0,,,
1816-3175-3002-0402-2892,UB3 5LP,70,PENNINE WAY,70.0,,,
0441-2827-7769-9528-5761,UB3 4JU,100,CORONATION ROAD,65.0,,,
2657-3055-8201-6245-0200,UB3 5LH,3,MENDIP CLOSE,71.0,,,
2023-3052-4203-3785-9204,UB3 2PU,143,CROMWELL ROAD,99.0,,,
3335-3128-4500-0706-4222,UB3 2RL,5,CHURCH WALK,66.0,,,
9308-1019-7205-5713-6980,UB3 3AB,19,HITHERBROOM ROAD,85.0,,,
